{
 "label 0": {
  "x": [
   0,
   1,
   2,
   3,
   4,
   5,
   6,
   7,
   8,
   9,
   10,
   11,
   12,
   13,
   14,
   15
  ],
  "y_correct": [
   0.0,
   0.0,
   0.0,
   0.0,
   0.013296011196641006,
   0.048285514345696286,
   0.11546536039188243,
   0.24632610216934916,
   0.44226731980405876,
   0.5976207137858642,
   0.7802659202239328,
   0.9356193142057383,
   1.0,
   1.0,
   1.0,
   1.0
  ],
  "y_wrong": [
   0.0,
   0.0,
   0.0,
   0.008710801393728223,
   0.024390243902439025,
   0.132404181184669,
   0.26829268292682923,
   0.47909407665505227,
   0.7142857142857143,
   0.8658536585365854,
   0.9181184668989547,
   0.9860627177700348,
   1.0,
   1.0,
   1.0,
   1.0
  ]
 },
 "label 1": {
  "x": [
   0,
   1,
   2,
   3,
   4,
   5,
   6,
   7,
   8,
   9,
   10,
   11,
   12,
   13,
   14,
   15
  ],
  "y_correct": [
   0.0,
   0.0,
   0.0,
   0.0,
   0.0006260760682422914,
   0.008217248395680075,
   0.07559868524025669,
   0.26514321490061044,
   0.423227422131789,
   0.5749726091720143,
   0.8017686648927844,
   0.9427140397558302,
   1.0,
   1.0,
   1.0,
   1.0
  ],
  "y_wrong": [
   0.0,
   0.0,
   0.0,
   0.0,
   0.04332449160035367,
   0.11759504862953138,
   0.28293545534924847,
   0.46684350132625996,
   0.6286472148541113,
   0.7869142351900973,
   0.8762157382847038,
   0.9168877099911582,
   1.0,
   1.0,
   1.0,
   1.0
  ]
 },
 "label 2": {
  "x": [
   0,
   1,
   2,
   3,
   4,
   5,
   6,
   7,
   8,
   9,
   10,
   11,
   12,
   13,
   14,
   15
  ],
  "y_correct": [
   0.0,
   0.0,
   0.0,
   4.607764082478977e-05,
   0.0005759705103098721,
   0.002326920861651883,
   0.03769151019467803,
   0.19274277157009562,
   0.5548899896325309,
   0.9990323695426795,
   0.9998617670775257,
   0.9999539223591752,
   1.0,
   1.0,
   1.0,
   1.0
  ],
  "y_wrong": [
   0.0,
   0.0,
   0.0,
   0.0,
   0.0019664762618222683,
   0.03595842307332148,
   0.21425227081187379,
   0.4815994006929489,
   0.7129881075007024,
   0.9988762992789588,
   1.0,
   1.0,
   1.0,
   1.0,
   1.0,
   1.0
  ]
 },
 "label 3": {
  "x": [
   0,
   1,
   2,
   3,
   4,
   5,
   6,
   7,
   8,
   9,
   10,
   11,
   12,
   13,
   14,
   15
  ],
  "y_correct": [
   0.0,
   0.0,
   0.0,
   0.0,
   7.139032661074425e-05,
   0.008888095663037658,
   0.05821881135106193,
   0.10583615920042834,
   0.1751918615027664,
   0.2563626628591826,
   0.3732286275209709,
   0.5161163662323756,
   0.7013028734606461,
   0.8788863109048725,
   1.0,
   1.0
  ],
  "y_wrong": [
   0.0,
   0.0,
   0.0,
   0.0,
   0.009486999297259312,
   0.045678144764581874,
   0.20098383696416022,
   0.3854532677442024,
   0.5572733661278988,
   0.6549543218552354,
   0.7424455375966269,
   0.8028812368236121,
   0.9167252283907239,
   0.9711876317638791,
   1.0,
   1.0
  ]
 },
 "label 4": {
  "x": [
   0,
   1,
   2,
   3,
   4,
   5,
   6,
   7,
   8,
   9,
   10,
   11,
   12,
   13,
   14,
   15
  ],
  "y_correct": [
   0.0,
   0.0,
   0.0,
   0.0,
   0.0,
   0.0,
   0.0008413342571513412,
   0.007720479065624072,
   0.02222112243887954,
   0.03860239532812036,
   0.05904186875185589,
   0.08616252598238147,
   0.13105018311392655,
   0.2039988122339899,
   0.30456300108878553,
   1.0
  ],
  "y_wrong": [
   0.0,
   0.0,
   0.0,
   0.0012510425354462051,
   0.007089241034195162,
   0.05421184320266889,
   0.21434528773978312,
   0.4749791492910759,
   0.7097581317764804,
   0.8090075062552127,
   0.8790658882402002,
   0.9074228523769807,
   0.9303586321934946,
   0.9545454545454545,
   0.9733110925771475,
   1.0
  ]
 },
 "label 5": {
  "x": [
   0,
   1,
   2,
   3,
   4,
   5,
   6,
   7,
   8,
   9,
   10,
   11,
   12,
   13,
   14,
   15
  ],
  "y_correct": [
   0.0,
   0.0,
   0.0,
   0.0,
   0.0,
   0.0002545683958870602,
   0.003464343822289123,
   0.03573918914431814,
   0.10670843064118031,
   0.24099879356716733,
   0.42681158618247017,
   0.6315620538135452,
   0.8103797496375167,
   1.0,
   1.0,
   1.0
  ],
  "y_wrong": [
   0.0,
   0.0,
   0.0,
   0.0,
   0.0028723595236670456,
   0.03297229369876129,
   0.14589192747292204,
   0.38734964993118304,
   0.6171384118245467,
   0.7462150679193346,
   0.8228113218837891,
   0.8615283346298845,
   0.907964813595835,
   1.0,
   1.0,
   1.0
  ]
 }
}